{
  "LCD": {
    "center_x": 1.5600000000000023,
    "center_y": 1.0399999999999991,
    "width": 42.0,
    "height": 32.0
  },
  "DPAD": {
    "center_x": -39.15,
    "center_y": 8.020000000000003,
    "width": 15.0,
    "height": 15.0
  },
  "AB": {
    "center_x": 41.5,
    "center_y": 7.579999999999998,
    "width": 12.0,
    "height": 15.0
  },
  "START_SELECT": {
    "center_x": -39.15,
    "center_y": -10.45,
    "width": 15.0,
    "height": 5.0
  },
  "MENU": {
    "center_x": 39.03,
    "center_y": -10.52,
    "width": 6.0,
    "height": 6.0
  },
  "L_BTN": {
    "center_x": -38.57,
    "center_y": 20.72,
    "width": 10.0,
    "height": 6.0
  },
  "R_BTN": {
    "center_x": 38.900000000000006,
    "center_y": 20.72,
    "width": 10.0,
    "height": 6.0
  },
  "POWER": {
    "center_x": 18.58,
    "center_y": 10.560000000000002,
    "width": 8.0,
    "height": 4.0
  },
  "USB": {
    "center_x": -16.340000000000003,
    "center_y": -22.97,
    "width": 8.0,
    "height": 5.0
  },
  "SD": {
    "center_x": -25.87,
    "center_y": -7.219999999999999,
    "width": 14.0,
    "height": 15.0
  },
  "AUDIO": {
    "center_x": 35.22,
    "center_y": -21.32,
    "width": 12.0,
    "height": 6.0
  }
}